xyz,AAll intrinsic (z=0) [Gpc^{-3} yr^{-1}],AAll observed (design LVK) [yr^{-1}],AMRR: matches GW contour intrinsic (z=0) [Gpc^{-3} yr^{-1}],AMRR: matches GW contour observed (design LVK) [yr^{-1}],AnonMRR: matches GW contour intrinsic (z=0) [Gpc^{-3} yr^{-1}],AnonMRR: matches GW contour observed (design LVK) [yr^{-1}],AMRR: matches GW contour spin2 < 0.05 intrinsic (z=0) [Gpc^{-3} yr^{-1}],AMRR: matches GW contour spin2 < 0.05 observed (design LVK) [yr^{-1}],AnonMRR: matches GW contour spin1 < 0.05 intrinsic (z=0) [Gpc^{-3} yr^{-1}],AnonMRR: matches GW contour spin1 < 0.05 observed (design LVK) [yr^{-1}],BAll intrinsic (z=0) [Gpc^{-3} yr^{-1}],BAll observed (design LVK) [yr^{-1}],BMRR: matches GW contour intrinsic (z=0) [Gpc^{-3} yr^{-1}],BMRR: matches GW contour observed (design LVK) [yr^{-1}],BnonMRR: matches GW contour intrinsic (z=0) [Gpc^{-3} yr^{-1}],BnonMRR: matches GW contour observed (design LVK) [yr^{-1}],BMRR: matches GW contour spin2 < 0.05 intrinsic (z=0) [Gpc^{-3} yr^{-1}],BMRR: matches GW contour spin2 < 0.05 observed (design LVK) [yr^{-1}],BnonMRR: matches GW contour spin1 < 0.05 intrinsic (z=0) [Gpc^{-3} yr^{-1}],BnonMRR: matches GW contour spin1 < 0.05 observed (design LVK) [yr^{-1}],CAll intrinsic (z=0) [Gpc^{-3} yr^{-1}],CAll observed (design LVK) [yr^{-1}],CMRR: matches GW contour intrinsic (z=0) [Gpc^{-3} yr^{-1}],CMRR: matches GW contour observed (design LVK) [yr^{-1}],CnonMRR: matches GW contour intrinsic (z=0) [Gpc^{-3} yr^{-1}],CnonMRR: matches GW contour observed (design LVK) [yr^{-1}],CMRR: matches GW contour spin2 < 0.05 intrinsic (z=0) [Gpc^{-3} yr^{-1}],CMRR: matches GW contour spin2 < 0.05 observed (design LVK) [yr^{-1}],CnonMRR: matches GW contour spin1 < 0.05 intrinsic (z=0) [Gpc^{-3} yr^{-1}],CnonMRR: matches GW contour spin1 < 0.05 observed (design LVK) [yr^{-1}],DAll intrinsic (z=0) [Gpc^{-3} yr^{-1}],DAll observed (design LVK) [yr^{-1}],DMRR: matches GW contour intrinsic (z=0) [Gpc^{-3} yr^{-1}],DMRR: matches GW contour observed (design LVK) [yr^{-1}],DnonMRR: matches GW contour intrinsic (z=0) [Gpc^{-3} yr^{-1}],DnonMRR: matches GW contour observed (design LVK) [yr^{-1}],DMRR: matches GW contour spin2 < 0.05 intrinsic (z=0) [Gpc^{-3} yr^{-1}],DMRR: matches GW contour spin2 < 0.05 observed (design LVK) [yr^{-1}],DnonMRR: matches GW contour spin1 < 0.05 intrinsic (z=0) [Gpc^{-3} yr^{-1}],DnonMRR: matches GW contour spin1 < 0.05 observed (design LVK) [yr^{-1}],EAll intrinsic (z=0) [Gpc^{-3} yr^{-1}],EAll observed (design LVK) [yr^{-1}],EMRR: matches GW contour intrinsic (z=0) [Gpc^{-3} yr^{-1}],EMRR: matches GW contour observed (design LVK) [yr^{-1}],EnonMRR: matches GW contour intrinsic (z=0) [Gpc^{-3} yr^{-1}],EnonMRR: matches GW contour observed (design LVK) [yr^{-1}],EMRR: matches GW contour spin2 < 0.05 intrinsic (z=0) [Gpc^{-3} yr^{-1}],EMRR: matches GW contour spin2 < 0.05 observed (design LVK) [yr^{-1}],EnonMRR: matches GW contour spin1 < 0.05 intrinsic (z=0) [Gpc^{-3} yr^{-1}],EnonMRR: matches GW contour spin1 < 0.05 observed (design LVK) [yr^{-1}],FAll intrinsic (z=0) [Gpc^{-3} yr^{-1}],FAll observed (design LVK) [yr^{-1}],FMRR: matches GW contour intrinsic (z=0) [Gpc^{-3} yr^{-1}],FMRR: matches GW contour observed (design LVK) [yr^{-1}],FnonMRR: matches GW contour intrinsic (z=0) [Gpc^{-3} yr^{-1}],FnonMRR: matches GW contour observed (design LVK) [yr^{-1}],FMRR: matches GW contour spin2 < 0.05 intrinsic (z=0) [Gpc^{-3} yr^{-1}],FMRR: matches GW contour spin2 < 0.05 observed (design LVK) [yr^{-1}],FnonMRR: matches GW contour spin1 < 0.05 intrinsic (z=0) [Gpc^{-3} yr^{-1}],FnonMRR: matches GW contour spin1 < 0.05 observed (design LVK) [yr^{-1}],GAll intrinsic (z=0) [Gpc^{-3} yr^{-1}],GAll observed (design LVK) [yr^{-1}],GMRR: matches GW contour intrinsic (z=0) [Gpc^{-3} yr^{-1}],GMRR: matches GW contour observed (design LVK) [yr^{-1}],GnonMRR: matches GW contour intrinsic (z=0) [Gpc^{-3} yr^{-1}],GnonMRR: matches GW contour observed (design LVK) [yr^{-1}],GMRR: matches GW contour spin2 < 0.05 intrinsic (z=0) [Gpc^{-3} yr^{-1}],GMRR: matches GW contour spin2 < 0.05 observed (design LVK) [yr^{-1}],GnonMRR: matches GW contour spin1 < 0.05 intrinsic (z=0) [Gpc^{-3} yr^{-1}],GnonMRR: matches GW contour spin1 < 0.05 observed (design LVK) [yr^{-1}],HAll intrinsic (z=0) [Gpc^{-3} yr^{-1}],HAll observed (design LVK) [yr^{-1}],HMRR: matches GW contour intrinsic (z=0) [Gpc^{-3} yr^{-1}],HMRR: matches GW contour observed (design LVK) [yr^{-1}],HnonMRR: matches GW contour intrinsic (z=0) [Gpc^{-3} yr^{-1}],HnonMRR: matches GW contour observed (design LVK) [yr^{-1}],HMRR: matches GW contour spin2 < 0.05 intrinsic (z=0) [Gpc^{-3} yr^{-1}],HMRR: matches GW contour spin2 < 0.05 observed (design LVK) [yr^{-1}],HnonMRR: matches GW contour spin1 < 0.05 intrinsic (z=0) [Gpc^{-3} yr^{-1}],HnonMRR: matches GW contour spin1 < 0.05 observed (design LVK) [yr^{-1}],IAll intrinsic (z=0) [Gpc^{-3} yr^{-1}],IAll observed (design LVK) [yr^{-1}],IMRR: matches GW contour intrinsic (z=0) [Gpc^{-3} yr^{-1}],IMRR: matches GW contour observed (design LVK) [yr^{-1}],InonMRR: matches GW contour intrinsic (z=0) [Gpc^{-3} yr^{-1}],InonMRR: matches GW contour observed (design LVK) [yr^{-1}],IMRR: matches GW contour spin2 < 0.05 intrinsic (z=0) [Gpc^{-3} yr^{-1}],IMRR: matches GW contour spin2 < 0.05 observed (design LVK) [yr^{-1}],InonMRR: matches GW contour spin1 < 0.05 intrinsic (z=0) [Gpc^{-3} yr^{-1}],InonMRR: matches GW contour spin1 < 0.05 observed (design LVK) [yr^{-1}],JAll intrinsic (z=0) [Gpc^{-3} yr^{-1}],JAll observed (design LVK) [yr^{-1}],JMRR: matches GW contour intrinsic (z=0) [Gpc^{-3} yr^{-1}],JMRR: matches GW contour observed (design LVK) [yr^{-1}],JnonMRR: matches GW contour intrinsic (z=0) [Gpc^{-3} yr^{-1}],JnonMRR: matches GW contour observed (design LVK) [yr^{-1}],JMRR: matches GW contour spin2 < 0.05 intrinsic (z=0) [Gpc^{-3} yr^{-1}],JMRR: matches GW contour spin2 < 0.05 observed (design LVK) [yr^{-1}],JnonMRR: matches GW contour spin1 < 0.05 intrinsic (z=0) [Gpc^{-3} yr^{-1}],JnonMRR: matches GW contour spin1 < 0.05 observed (design LVK) [yr^{-1}],KAll intrinsic (z=0) [Gpc^{-3} yr^{-1}],KAll observed (design LVK) [yr^{-1}],KMRR: matches GW contour intrinsic (z=0) [Gpc^{-3} yr^{-1}],KMRR: matches GW contour observed (design LVK) [yr^{-1}],KnonMRR: matches GW contour intrinsic (z=0) [Gpc^{-3} yr^{-1}],KnonMRR: matches GW contour observed (design LVK) [yr^{-1}],KMRR: matches GW contour spin2 < 0.05 intrinsic (z=0) [Gpc^{-3} yr^{-1}],KMRR: matches GW contour spin2 < 0.05 observed (design LVK) [yr^{-1}],KnonMRR: matches GW contour spin1 < 0.05 intrinsic (z=0) [Gpc^{-3} yr^{-1}],KnonMRR: matches GW contour spin1 < 0.05 observed (design LVK) [yr^{-1}],LAll intrinsic (z=0) [Gpc^{-3} yr^{-1}],LAll observed (design LVK) [yr^{-1}],LMRR: matches GW contour intrinsic (z=0) [Gpc^{-3} yr^{-1}],LMRR: matches GW contour observed (design LVK) [yr^{-1}],LnonMRR: matches GW contour intrinsic (z=0) [Gpc^{-3} yr^{-1}],LnonMRR: matches GW contour observed (design LVK) [yr^{-1}],LMRR: matches GW contour spin2 < 0.05 intrinsic (z=0) [Gpc^{-3} yr^{-1}],LMRR: matches GW contour spin2 < 0.05 observed (design LVK) [yr^{-1}],LnonMRR: matches GW contour spin1 < 0.05 intrinsic (z=0) [Gpc^{-3} yr^{-1}],LnonMRR: matches GW contour spin1 < 0.05 observed (design LVK) [yr^{-1}],MAll intrinsic (z=0) [Gpc^{-3} yr^{-1}],MAll observed (design LVK) [yr^{-1}],MMRR: matches GW contour intrinsic (z=0) [Gpc^{-3} yr^{-1}],MMRR: matches GW contour observed (design LVK) [yr^{-1}],MnonMRR: matches GW contour intrinsic (z=0) [Gpc^{-3} yr^{-1}],MnonMRR: matches GW contour observed (design LVK) [yr^{-1}],MMRR: matches GW contour spin2 < 0.05 intrinsic (z=0) [Gpc^{-3} yr^{-1}],MMRR: matches GW contour spin2 < 0.05 observed (design LVK) [yr^{-1}],MnonMRR: matches GW contour spin1 < 0.05 intrinsic (z=0) [Gpc^{-3} yr^{-1}],MnonMRR: matches GW contour spin1 < 0.05 observed (design LVK) [yr^{-1}],NAll intrinsic (z=0) [Gpc^{-3} yr^{-1}],NAll observed (design LVK) [yr^{-1}],NMRR: matches GW contour intrinsic (z=0) [Gpc^{-3} yr^{-1}],NMRR: matches GW contour observed (design LVK) [yr^{-1}],NnonMRR: matches GW contour intrinsic (z=0) [Gpc^{-3} yr^{-1}],NnonMRR: matches GW contour observed (design LVK) [yr^{-1}],NMRR: matches GW contour spin2 < 0.05 intrinsic (z=0) [Gpc^{-3} yr^{-1}],NMRR: matches GW contour spin2 < 0.05 observed (design LVK) [yr^{-1}],NnonMRR: matches GW contour spin1 < 0.05 intrinsic (z=0) [Gpc^{-3} yr^{-1}],NnonMRR: matches GW contour spin1 < 0.05 observed (design LVK) [yr^{-1}],OAll intrinsic (z=0) [Gpc^{-3} yr^{-1}],OAll observed (design LVK) [yr^{-1}],OMRR: matches GW contour intrinsic (z=0) [Gpc^{-3} yr^{-1}],OMRR: matches GW contour observed (design LVK) [yr^{-1}],OnonMRR: matches GW contour intrinsic (z=0) [Gpc^{-3} yr^{-1}],OnonMRR: matches GW contour observed (design LVK) [yr^{-1}],OMRR: matches GW contour spin2 < 0.05 intrinsic (z=0) [Gpc^{-3} yr^{-1}],OMRR: matches GW contour spin2 < 0.05 observed (design LVK) [yr^{-1}],OnonMRR: matches GW contour spin1 < 0.05 intrinsic (z=0) [Gpc^{-3} yr^{-1}],OnonMRR: matches GW contour spin1 < 0.05 observed (design LVK) [yr^{-1}],PAll intrinsic (z=0) [Gpc^{-3} yr^{-1}],PAll observed (design LVK) [yr^{-1}],PMRR: matches GW contour intrinsic (z=0) [Gpc^{-3} yr^{-1}],PMRR: matches GW contour observed (design LVK) [yr^{-1}],PnonMRR: matches GW contour intrinsic (z=0) [Gpc^{-3} yr^{-1}],PnonMRR: matches GW contour observed (design LVK) [yr^{-1}],PMRR: matches GW contour spin2 < 0.05 intrinsic (z=0) [Gpc^{-3} yr^{-1}],PMRR: matches GW contour spin2 < 0.05 observed (design LVK) [yr^{-1}],PnonMRR: matches GW contour spin1 < 0.05 intrinsic (z=0) [Gpc^{-3} yr^{-1}],PnonMRR: matches GW contour spin1 < 0.05 observed (design LVK) [yr^{-1}],QAll intrinsic (z=0) [Gpc^{-3} yr^{-1}],QAll observed (design LVK) [yr^{-1}],QMRR: matches GW contour intrinsic (z=0) [Gpc^{-3} yr^{-1}],QMRR: matches GW contour observed (design LVK) [yr^{-1}],QnonMRR: matches GW contour intrinsic (z=0) [Gpc^{-3} yr^{-1}],QnonMRR: matches GW contour observed (design LVK) [yr^{-1}],QMRR: matches GW contour spin2 < 0.05 intrinsic (z=0) [Gpc^{-3} yr^{-1}],QMRR: matches GW contour spin2 < 0.05 observed (design LVK) [yr^{-1}],QnonMRR: matches GW contour spin1 < 0.05 intrinsic (z=0) [Gpc^{-3} yr^{-1}],QnonMRR: matches GW contour spin1 < 0.05 observed (design LVK) [yr^{-1}],RAll intrinsic (z=0) [Gpc^{-3} yr^{-1}],RAll observed (design LVK) [yr^{-1}],RMRR: matches GW contour intrinsic (z=0) [Gpc^{-3} yr^{-1}],RMRR: matches GW contour observed (design LVK) [yr^{-1}],RnonMRR: matches GW contour intrinsic (z=0) [Gpc^{-3} yr^{-1}],RnonMRR: matches GW contour observed (design LVK) [yr^{-1}],RMRR: matches GW contour spin2 < 0.05 intrinsic (z=0) [Gpc^{-3} yr^{-1}],RMRR: matches GW contour spin2 < 0.05 observed (design LVK) [yr^{-1}],RnonMRR: matches GW contour spin1 < 0.05 intrinsic (z=0) [Gpc^{-3} yr^{-1}],RnonMRR: matches GW contour spin1 < 0.05 observed (design LVK) [yr^{-1}],SAll intrinsic (z=0) [Gpc^{-3} yr^{-1}],SAll observed (design LVK) [yr^{-1}],SMRR: matches GW contour intrinsic (z=0) [Gpc^{-3} yr^{-1}],SMRR: matches GW contour observed (design LVK) [yr^{-1}],SnonMRR: matches GW contour intrinsic (z=0) [Gpc^{-3} yr^{-1}],SnonMRR: matches GW contour observed (design LVK) [yr^{-1}],SMRR: matches GW contour spin2 < 0.05 intrinsic (z=0) [Gpc^{-3} yr^{-1}],SMRR: matches GW contour spin2 < 0.05 observed (design LVK) [yr^{-1}],SnonMRR: matches GW contour spin1 < 0.05 intrinsic (z=0) [Gpc^{-3} yr^{-1}],SnonMRR: matches GW contour spin1 < 0.05 observed (design LVK) [yr^{-1}],TAll intrinsic (z=0) [Gpc^{-3} yr^{-1}],TAll observed (design LVK) [yr^{-1}],TMRR: matches GW contour intrinsic (z=0) [Gpc^{-3} yr^{-1}],TMRR: matches GW contour observed (design LVK) [yr^{-1}],TnonMRR: matches GW contour intrinsic (z=0) [Gpc^{-3} yr^{-1}],TnonMRR: matches GW contour observed (design LVK) [yr^{-1}],TMRR: matches GW contour spin2 < 0.05 intrinsic (z=0) [Gpc^{-3} yr^{-1}],TMRR: matches GW contour spin2 < 0.05 observed (design LVK) [yr^{-1}],TnonMRR: matches GW contour spin1 < 0.05 intrinsic (z=0) [Gpc^{-3} yr^{-1}],TnonMRR: matches GW contour spin1 < 0.05 observed (design LVK) [yr^{-1}],UAll intrinsic (z=0) [Gpc^{-3} yr^{-1}],UAll observed (design LVK) [yr^{-1}],UMRR: matches GW contour intrinsic (z=0) [Gpc^{-3} yr^{-1}],UMRR: matches GW contour observed (design LVK) [yr^{-1}],UnonMRR: matches GW contour intrinsic (z=0) [Gpc^{-3} yr^{-1}],UnonMRR: matches GW contour observed (design LVK) [yr^{-1}],UMRR: matches GW contour spin2 < 0.05 intrinsic (z=0) [Gpc^{-3} yr^{-1}],UMRR: matches GW contour spin2 < 0.05 observed (design LVK) [yr^{-1}],UnonMRR: matches GW contour spin1 < 0.05 intrinsic (z=0) [Gpc^{-3} yr^{-1}],UnonMRR: matches GW contour spin1 < 0.05 observed (design LVK) [yr^{-1}],VAll intrinsic (z=0) [Gpc^{-3} yr^{-1}],VAll observed (design LVK) [yr^{-1}],VMRR: matches GW contour intrinsic (z=0) [Gpc^{-3} yr^{-1}],VMRR: matches GW contour observed (design LVK) [yr^{-1}],VnonMRR: matches GW contour intrinsic (z=0) [Gpc^{-3} yr^{-1}],VnonMRR: matches GW contour observed (design LVK) [yr^{-1}],VMRR: matches GW contour spin2 < 0.05 intrinsic (z=0) [Gpc^{-3} yr^{-1}],VMRR: matches GW contour spin2 < 0.05 observed (design LVK) [yr^{-1}],VnonMRR: matches GW contour spin1 < 0.05 intrinsic (z=0) [Gpc^{-3} yr^{-1}],VnonMRR: matches GW contour spin1 < 0.05 observed (design LVK) [yr^{-1}],WAll intrinsic (z=0) [Gpc^{-3} yr^{-1}],WAll observed (design LVK) [yr^{-1}],WMRR: matches GW contour intrinsic (z=0) [Gpc^{-3} yr^{-1}],WMRR: matches GW contour observed (design LVK) [yr^{-1}],WnonMRR: matches GW contour intrinsic (z=0) [Gpc^{-3} yr^{-1}],WnonMRR: matches GW contour observed (design LVK) [yr^{-1}],WMRR: matches GW contour spin2 < 0.05 intrinsic (z=0) [Gpc^{-3} yr^{-1}],WMRR: matches GW contour spin2 < 0.05 observed (design LVK) [yr^{-1}],WnonMRR: matches GW contour spin1 < 0.05 intrinsic (z=0) [Gpc^{-3} yr^{-1}],WnonMRR: matches GW contour spin1 < 0.05 observed (design LVK) [yr^{-1}],XAll intrinsic (z=0) [Gpc^{-3} yr^{-1}],XAll observed (design LVK) [yr^{-1}],XMRR: matches GW contour intrinsic (z=0) [Gpc^{-3} yr^{-1}],XMRR: matches GW contour observed (design LVK) [yr^{-1}],XnonMRR: matches GW contour intrinsic (z=0) [Gpc^{-3} yr^{-1}],XnonMRR: matches GW contour observed (design LVK) [yr^{-1}],XMRR: matches GW contour spin2 < 0.05 intrinsic (z=0) [Gpc^{-3} yr^{-1}],XMRR: matches GW contour spin2 < 0.05 observed (design LVK) [yr^{-1}],XnonMRR: matches GW contour spin1 < 0.05 intrinsic (z=0) [Gpc^{-3} yr^{-1}],XnonMRR: matches GW contour spin1 < 0.05 observed (design LVK) [yr^{-1}],YAll intrinsic (z=0) [Gpc^{-3} yr^{-1}],YAll observed (design LVK) [yr^{-1}],YMRR: matches GW contour intrinsic (z=0) [Gpc^{-3} yr^{-1}],YMRR: matches GW contour observed (design LVK) [yr^{-1}],YnonMRR: matches GW contour intrinsic (z=0) [Gpc^{-3} yr^{-1}],YnonMRR: matches GW contour observed (design LVK) [yr^{-1}],YMRR: matches GW contour spin2 < 0.05 intrinsic (z=0) [Gpc^{-3} yr^{-1}],YMRR: matches GW contour spin2 < 0.05 observed (design LVK) [yr^{-1}],YnonMRR: matches GW contour spin1 < 0.05 intrinsic (z=0) [Gpc^{-3} yr^{-1}],YnonMRR: matches GW contour spin1 < 0.05 observed (design LVK) [yr^{-1}],ZAll intrinsic (z=0) [Gpc^{-3} yr^{-1}],ZAll observed (design LVK) [yr^{-1}],ZMRR: matches GW contour intrinsic (z=0) [Gpc^{-3} yr^{-1}],ZMRR: matches GW contour observed (design LVK) [yr^{-1}],ZnonMRR: matches GW contour intrinsic (z=0) [Gpc^{-3} yr^{-1}],ZnonMRR: matches GW contour observed (design LVK) [yr^{-1}],ZMRR: matches GW contour spin2 < 0.05 intrinsic (z=0) [Gpc^{-3} yr^{-1}],ZMRR: matches GW contour spin2 < 0.05 observed (design LVK) [yr^{-1}],ZnonMRR: matches GW contour spin1 < 0.05 intrinsic (z=0) [Gpc^{-3} yr^{-1}],ZnonMRR: matches GW contour spin1 < 0.05 observed (design LVK) [yr^{-1}]
.0.0.0,33.520505216535526,278.87649088232206,0.0,0.0,0.0,0.0,0.0,0.0,0.0,0.0,30.076858924995847,149.02587388507698,0.0,0.0,0.0,0.0,0.0,0.0,0.0,0.0,36.558644680494126,190.9451253482638,0.0,0.0,0.0,0.0,0.0,0.0,0.0,0.0,46.79253132508585,272.5697332756528,0.0,0.0,0.0,0.0,0.0,0.0,0.0,0.0,33.382136551384505,283.057024673955,0.0,0.0,0.0,0.0,0.0,0.0,0.0,0.0,73.49354716083697,471.3463964680191,0.0,0.0,0.0,0.0,0.0,0.0,0.0,0.0,21.19556890705769,224.1260445395204,0.0,0.0,0.0,0.0,0.0,0.0,0.0,0.0,29.282971796337662,246.86142091333383,0.0,0.0,0.0,0.0,0.0,0.0,0.0,0.0,45.49784607853536,314.0473741890394,0.0,0.0,0.0,0.0,0.0,0.0,0.0,0.0,29.65158175124832,228.156384187309,0.0,0.0,0.0,0.0,0.0,0.0,0.0,0.0,72.65391846048088,462.22970899655536,0.0,0.0,0.0,0.0,0.0,0.0,0.0,0.0,36.4734725078722,287.5054099440654,0.0,0.0,0.0,0.0,0.0,0.0,0.0,0.0,39.50201560017084,285.867828565825,0.0,0.0,0.0,0.0,0.0,0.0,0.0,0.0,30.10887122606691,277.49581666172776,0.0,0.0,0.0,0.0,0.0,0.0,0.0,0.0,33.737449621781835,293.4635022534995,0.0,0.0,0.0,1.7652166492337136e-18,0.0,0.0,0.0,7.179462854856175e-17,38.60721507597757,281.1589852522138,0.0,0.0,0.0,0.0,0.0,0.0,0.0,0.0,43.50739930775092,283.37825873685586,0.0,0.0,0.0,0.0,0.0,0.0,0.0,0.0,39.2116594013757,280.47169664413025,0.0,0.0,0.0,0.0,0.0,0.0,0.0,0.0,95.36270161917444,700.8514443453088,0.0,0.0,0.0,0.0,0.0,0.0,0.0,0.0,8.452386739988576,69.53461045523147,0.0,0.0,0.0,0.0,0.0,0.0,0.0,0.0,,,,,,,,,,,,,,,,,,,,,,,,,,,,,,,,,,,,,,,,,,,,,,,,,,,,,,,,,,,,
.1.1.1,363.68276354840015,3634.942483258346,0.0,0.0,0.0,0.0,0.0,0.0,0.0,0.0,306.63054980633933,2105.2698047081185,0.0,0.0,0.0,0.0,0.0,0.0,0.0,0.0,307.7750268348644,2310.5255349053173,0.0,0.0,0.0,0.0,0.0,0.0,0.0,0.0,365.0999378463957,2865.367135980563,0.0,0.0,0.0,0.0,0.0,0.0,0.0,0.0,366.08753956434987,3671.393214301389,0.0,0.0,0.0,0.0,0.0,0.0,0.0,0.0,657.1875527991722,5095.59884838863,0.0,0.0,0.0,0.0,0.0,0.0,0.0,0.0,199.2862907473381,2587.1114519866587,0.0,0.0,0.0,0.0,0.0,0.0,0.0,0.0,311.1048261780553,3394.9616959370587,0.0,0.0,0.0,0.0,0.0,0.0,0.0,0.0,467.3513491354939,3759.664570193492,0.0,0.0,0.0,0.0,0.0,0.0,0.0,0.0,283.1847546765392,2592.586587344849,0.0,0.0,0.0,0.0,0.0,0.0,0.0,0.0,649.7065339816918,5040.428877433812,0.0,0.0,0.0,0.0,0.0,0.0,0.0,0.0,332.57250810625777,3645.854069331874,0.0,0.0,0.0,0.0,0.0,0.0,0.0,0.0,414.9110674387792,3678.171822569778,0.0,0.0,0.0,0.0,0.0,0.0,0.0,0.0,329.7620800086927,3614.3252889125297,0.0,0.0,0.0,0.0,0.0,0.0,0.0,0.0,366.4380201124189,3996.769349553124,0.0114120960324444,3.537996241951907,0.0165438320031602,4.814759309532615,0.0092030714102848,2.8018356625613565,0.0240963875574214,6.5308508403281325,415.9555419299294,3681.579470323746,0.0,0.0,0.0,0.0,0.0,0.0,0.0,0.0,456.3408190717319,3721.649258634151,0.0,0.0,0.0,0.0,0.0,0.0,0.0,0.0,435.5967547507687,3667.865407555864,0.0,0.0,0.0,0.0,0.0,0.0,0.0,0.0,509.97862128012986,5082.500540565716,0.0,0.0,0.0,0.0,0.0,0.0,0.0,0.0,136.78442143329613,1253.7469643999686,0.0,0.0,0.0,0.0,0.0,0.0,0.0,0.0,,,,,,,,,,,,,,,,,,,,,,,,,,,,,,,,,,,,,,,,,,,,,,,,,,,,,,,,,,,,
.2.1.1,451.0769246167919,5412.779255804541,0.0,0.0,0.0,0.0,0.0,0.0,0.0,0.0,367.31082799762646,2895.792870346348,0.0,0.0,0.0,0.0,0.0,0.0,0.0,0.0,384.113555620336,3285.1237646608447,0.0,0.0,0.0,0.0,0.0,0.0,0.0,0.0,479.57238540159,4441.680307805963,0.0,0.0,0.0,0.0,0.0,0.0,0.0,0.0,454.0442551183707,5457.573171381963,0.0,0.0,0.0,0.0,0.0,0.0,0.0,0.0,735.0146015788409,6723.578522749122,0.0,0.0,0.0,0.0,0.0,0.0,0.0,0.0,262.921204892504,4033.123237207205,0.0,0.0,0.0,0.0,0.0,0.0,0.0,0.0,398.5483393202632,4942.076956814436,0.0,0.0,0.0,0.0,0.0,0.0,0.0,0.0,592.2358907451999,5823.8747769121965,0.0,0.0,0.0,0.0,0.0,0.0,0.0,0.0,417.3055973263752,4318.260171644211,0.0,0.0,0.0,0.0,0.0,0.0,0.0,0.0,726.2054406867621,6657.721298845355,0.0,0.0,0.0,0.0,0.0,0.0,0.0,0.0,419.3300440160408,5408.992311497624,0.0,0.0,0.0,0.0,0.0,0.0,0.0,0.0,502.1138817737559,5450.359935227698,0.0,0.0,0.0,0.0,0.0,0.0,0.0,0.0,416.7888948984137,5396.018466140695,0.0,0.0,0.0,0.0,0.0,0.0,0.0,0.0,457.2696777672948,6319.030722131219,0.0119721770705761,3.2340974343339792,0.0173500029248996,4.392535593195315,0.0096543182940769,2.559319637675209,0.0252315809665078,5.946996855504816,501.2497148655741,5458.483893775751,0.0,0.0,0.0,0.0,0.0,0.0,0.0,0.0,545.0733669731765,5504.603969251076,0.0,0.0,0.0,0.0,0.0,0.0,0.0,0.0,517.2563878682669,5420.739007408123,0.0,0.0,0.0,0.0,0.0,0.0,0.0,0.0,594.9660440501316,6809.043588658688,0.0,0.0,0.0,0.0,0.0,0.0,0.0,0.0,204.1710113486609,2410.85275780594,0.0,0.0,0.0,0.0,0.0,0.0,0.0,0.0,,,,,,,,,,,,,,,,,,,,,,,,,,,,,,,,,,,,,,,,,,,,,,,,,,,,,,,,,,,,
.3.1.1,259.52475377947513,2648.730124122497,0.0,0.0,0.0,0.0,0.0,0.0,0.0,0.0,217.79803421874217,1519.0698985516703,0.0,0.0,0.0,0.0,0.0,0.0,0.0,0.0,220.6393754470517,1678.8940205358267,0.0,0.0,0.0,0.0,0.0,0.0,0.0,0.0,263.3876461486957,2095.2357925674146,0.0,0.0,0.0,0.0,0.0,0.0,0.0,0.0,261.3006288794674,2675.790693698042,0.0,0.0,0.0,0.0,0.0,0.0,0.0,0.0,456.9087971529408,3619.803564055605,0.0,0.0,0.0,0.0,0.0,0.0,0.0,0.0,143.85826256187025,1899.764081711948,0.0,0.0,0.0,0.0,0.0,0.0,0.0,0.0,222.96273072747627,2459.0996901016674,0.0,0.0,0.0,0.0,0.0,0.0,0.0,0.0,336.19855826656175,2757.7511161259085,0.0,0.0,0.0,0.0,0.0,0.0,0.0,0.0,206.21672370811484,1908.000822457808,0.0,0.0,0.0,0.0,0.0,0.0,0.0,0.0,451.52617639589744,3579.948154611164,0.0,0.0,0.0,0.0,0.0,0.0,0.0,0.0,238.1575847728853,2654.884134065724,0.0,0.0,0.0,0.0,0.0,0.0,0.0,0.0,294.6824858056161,2679.2626495032373,0.0,0.0,0.0,0.0,0.0,0.0,0.0,0.0,236.37110554383705,2635.3745088691885,0.0,0.0,0.0,0.0,0.0,0.0,0.0,0.0,261.429809758353,2907.0433886687056,0.0076115709194911,2.3539254347969285,0.0110341296193089,3.199032730779797,0.0061381960727647,1.863106919352889,0.0160701777134545,4.33392007847913,295.0478292876555,2680.558708145683,0.0,0.0,0.0,0.0,0.0,0.0,0.0,0.0,322.93981458333104,2708.6430697062774,0.0,0.0,0.0,0.0,0.0,0.0,0.0,0.0,308.3626168436398,2670.0669924835624,0.0,0.0,0.0,0.0,0.0,0.0,0.0,0.0,360.1877190246651,3662.261877530322,0.0,0.0,0.0,0.0,0.0,0.0,0.0,0.0,99.3722017274285,908.7521573397247,0.0,0.0,0.0,0.0,0.0,0.0,0.0,0.0,,,,,,,,,,,,,,,,,,,,,,,,,,,,,,,,,,,,,,,,,,,,,,,,,,,,,,,,,,,,
.1.1.2,42.1845679753295,378.8414922872236,0.0,0.0,0.0,0.0,0.0,0.0,0.0,0.0,36.62239470076857,207.59470573690376,0.0,0.0,0.0,0.0,0.0,0.0,0.0,0.0,41.60931854426355,248.9687258989649,0.0,0.0,0.0,0.0,0.0,0.0,0.0,0.0,52.117996838596696,339.8150039087884,0.0,0.0,0.0,0.0,0.0,0.0,0.0,0.0,42.28649332167115,383.6960476409426,0.0,0.0,0.0,0.0,0.0,0.0,0.0,0.0,84.3896287702785,587.8945408512137,0.0,0.0,0.0,0.0,0.0,0.0,0.0,0.0,25.13635842204785,289.72530392512647,0.0,0.0,0.0,0.0,0.0,0.0,0.0,0.0,36.50940578322583,343.26609980245803,0.0,0.0,0.0,0.0,0.0,0.0,0.0,0.0,56.22231917388537,414.60733819565473,0.0,0.0,0.0,0.0,0.0,0.0,0.0,0.0,35.73568574469252,295.68525641249863,0.0,0.0,0.0,0.0,0.0,0.0,0.0,0.0,83.42695524597117,578.5158359617393,0.0,0.0,0.0,0.0,0.0,0.0,0.0,0.0,45.31012825790911,388.07061365649065,0.0,0.0,0.0,0.0,0.0,0.0,0.0,0.0,48.951237504964105,385.98204296009806,0.0,0.0,0.0,0.0,0.0,0.0,0.0,0.0,37.94089865819392,376.7659391332232,0.0,0.0,0.0,0.0,0.0,0.0,0.0,0.0,42.40775478878001,409.6422482819107,0.0003449830088224,0.111669060452914,0.0005181739177072,0.1568164002360149,0.0002777135178572,0.0882447500763133,0.0007624693152099,0.2147298768087028,48.38483622878719,382.2590723910028,0.0,0.0,0.0,0.0,0.0,0.0,0.0,0.0,53.77273057844691,385.1248862287021,0.0,0.0,0.0,0.0,0.0,0.0,0.0,0.0,50.21224895316819,380.6426128938412,0.0,0.0,0.0,0.0,0.0,0.0,0.0,0.0,106.07160514383123,817.1800345176673,0.0,0.0,0.0,0.0,0.0,0.0,0.0,0.0,12.505749590344951,109.35594483741956,0.0,0.0,0.0,0.0,0.0,0.0,0.0,0.0,,,,,,,,,,,,,,,,,,,,,,,,,,,,,,,,,,,,,,,,,,,,,,,,,,,,,,,,,,,,
.2.1.2,95.03745615057,1121.1061588087691,0.0,0.0,0.0,0.0,0.0,0.0,0.0,0.0,76.83518743227437,563.4469472767962,0.0,0.0,0.0,0.0,0.0,0.0,0.0,0.0,89.63675392070994,685.2241588968441,0.0,0.0,0.0,0.0,0.0,0.0,0.0,0.0,118.59291313603674,999.1533288377442,0.0,0.0,0.0,0.0,0.0,0.0,0.0,0.0,94.63965871156596,1133.014099877256,0.0,0.0,0.0,0.0,0.0,0.0,0.0,0.0,146.21429759218844,1363.6812481788625,0.0,0.0,0.0,0.0,0.0,0.0,0.0,0.0,60.189768915245104,887.051269253068,0.0,0.0,0.0,0.0,0.0,0.0,0.0,0.0,84.2749233656955,1000.44045219283,0.0,0.0,0.0,0.0,0.0,0.0,0.0,0.0,130.21896661062783,1257.5829248957612,0.0,0.0,0.0,0.0,0.0,0.0,0.0,0.0,98.03541586559533,958.7713620207091,0.0,0.0,0.0,0.0,0.0,0.0,0.0,0.0,145.2571690897884,1343.2638111136855,0.0,0.0,0.0,0.0,0.0,0.0,0.0,0.0,95.85440216457847,1129.194163321145,0.0,0.0,0.0,0.0,0.0,0.0,0.0,0.0,103.6854757269348,1134.118557649631,0.0,0.0,0.0,0.0,0.0,0.0,0.0,0.0,88.30044876247398,1119.5429527253848,0.0,0.0,0.0,0.0,0.0,0.0,0.0,0.0,96.14780031369176,1279.0620243590563,0.0003618942177601,0.1021562947320254,0.0005433898816516,0.1431563732318553,0.0002913158711549,0.0806678725484988,0.0007983253926793,0.1956560677879018,103.40435723009573,1127.6292348519005,0.0,0.0,0.0,0.0,0.0,0.0,0.0,0.0,111.18162081806764,1133.0826678542544,0.0,0.0,0.0,0.0,0.0,0.0,0.0,0.0,103.1995790609996,1119.316262946374,0.0,0.0,0.0,0.0,0.0,0.0,0.0,0.0,174.3120531912733,1718.1627754835483,0.0,0.0,0.0,0.0,0.0,0.0,0.0,0.0,39.7292752119548,464.20268450325545,0.0,0.0,0.0,0.0,0.0,0.0,0.0,0.0,,,,,,,,,,,,,,,,,,,,,,,,,,,,,,,,,,,,,,,,,,,,,,,,,,,,,,,,,,,,
.3.1.2,30.4110322564736,265.2913183537481,0.0,0.0,0.0,0.0,0.0,0.0,0.0,0.0,26.50693156321549,146.06793858613736,0.0,0.0,0.0,0.0,0.0,0.0,0.0,0.0,30.27033448191883,176.11335831479107,0.0,0.0,0.0,0.0,0.0,0.0,0.0,0.0,37.86760683988033,239.58212413897368,0.0,0.0,0.0,0.0,0.0,0.0,0.0,0.0,30.47917051129635,268.81283387473167,0.0,0.0,0.0,0.0,0.0,0.0,0.0,0.0,60.7421781179162,414.32417250207993,0.0,0.0,0.0,0.0,0.0,0.0,0.0,0.0,18.12020830786807,203.0716504045432,0.0,0.0,0.0,0.0,0.0,0.0,0.0,0.0,26.32144785729461,240.2301221816265,0.0,0.0,0.0,0.0,0.0,0.0,0.0,0.0,40.65845771015593,290.77395391599435,0.0,0.0,0.0,0.0,0.0,0.0,0.0,0.0,25.455274862316525,205.9898060596405,0.0,0.0,0.0,0.0,0.0,0.0,0.0,0.0,60.05281121345586,407.2976819899424,0.0,0.0,0.0,0.0,0.0,0.0,0.0,0.0,32.515291254333114,271.75702984260295,0.0,0.0,0.0,0.0,0.0,0.0,0.0,0.0,35.35814770142765,270.5362902221975,0.0,0.0,0.0,0.0,0.0,0.0,0.0,0.0,27.317061086139887,263.8263404153628,0.0,0.0,0.0,0.0,0.0,0.0,0.0,0.0,30.547352376424467,284.47825739107213,0.0002300940642346,0.0743283193345564,0.0003456019392771,0.104225274619077,0.0001852268392129,0.0587032878337748,0.0005084981620277,0.1425384043478815,34.8288741881423,267.5432323938813,0.0,0.0,0.0,0.0,0.0,0.0,0.0,0.0,38.49015242954295,269.3083806603136,0.0,0.0,0.0,0.0,0.0,0.0,0.0,0.0,35.850470622728764,266.2194015035084,0.0,0.0,0.0,0.0,0.0,0.0,0.0,0.0,76.45329976095637,584.9786780370956,0.0,0.0,0.0,0.0,0.0,0.0,0.0,0.0,8.615485236427702,71.03627385686525,0.0,0.0,0.0,0.0,0.0,0.0,0.0,0.0,,,,,,,,,,,,,,,,,,,,,,,,,,,,,,,,,,,,,,,,,,,,,,,,,,,,,,,,,,,,
.1.1.3,41.340449178063984,236.4057792094272,0.0,0.0,0.0,0.0,0.0,0.0,0.0,0.0,39.20222975573311,142.2225855038284,0.0,0.0,0.0,0.0,0.0,0.0,0.0,0.0,46.35918298280866,178.1082807045444,0.0,0.0,0.0,0.0,0.0,0.0,0.0,0.0,56.40678673544375,239.77738402234388,0.0,0.0,0.0,0.0,0.0,0.0,0.0,0.0,41.74291215772502,240.39231104791045,0.0,0.0,0.0,0.0,0.0,0.0,0.0,0.0,121.63016173802238,650.7302861612396,0.0,0.0,0.0,0.0,0.0,0.0,0.0,0.0,24.11460892937234,178.08792532246764,0.0,0.0,0.0,0.0,0.0,0.0,0.0,0.0,35.13141214932049,216.9744011797505,0.0,0.0,0.0,0.0,0.0,0.0,0.0,0.0,53.68610881724369,259.7646384415981,0.0,0.0,0.0,0.0,0.0,0.0,0.0,0.0,29.116709994044623,168.97594961276633,0.0,0.0,0.0,0.0,0.0,0.0,0.0,0.0,119.7012181856093,640.1984844960158,0.0,0.0,0.0,0.0,0.0,0.0,0.0,0.0,44.31589248594874,247.7264063587976,0.0,0.0,0.0,0.0,0.0,0.0,0.0,0.0,52.99293461380756,245.6178786564072,0.0,0.0,0.0,0.0,0.0,0.0,0.0,0.0,35.229247051370535,232.05973594839108,0.0,0.0,0.0,0.0,0.0,0.0,0.0,0.0,41.48036516981952,241.01632484089967,3.95402541336481e-05,0.0207946033511081,7.961115589752031e-05,0.0379003936614743,3.1381329372469914e-05,0.0161774566474164,0.0001272620490793,0.0560423637030264,50.69442586761504,239.6010036473949,0.0,0.0,0.0,0.0,0.0,0.0,0.0,0.0,57.055533797391824,241.81858735997977,0.0,0.0,0.0,0.0,0.0,0.0,0.0,0.0,51.59483412401329,238.80621525990423,0.0,0.0,0.0,0.0,0.0,0.0,0.0,0.0,135.49680170394552,876.3793602239215,0.0,0.0,0.0,0.0,0.0,0.0,0.0,0.0,5.224005422005233,23.130146124207233,0.0,0.0,0.0,0.0,0.0,0.0,0.0,0.0,,,,,,,,,,,,,,,,,,,,,,,,,,,,,,,,,,,,,,,,,,,,,,,,,,,,,,,,,,,,
.2.1.3,66.26892126558697,409.0143702286689,0.0,0.0,0.0,0.0,0.0,0.0,0.0,0.0,61.425913504524246,236.9509467055373,0.0,0.0,0.0,0.0,0.0,0.0,0.0,0.0,73.38774971788398,307.74279158624574,0.0,0.0,0.0,0.0,0.0,0.0,0.0,0.0,90.36302931128112,421.5098456007688,0.0,0.0,0.0,0.0,0.0,0.0,0.0,0.0,66.19500602051451,415.7562834945642,0.0,0.0,0.0,0.0,0.0,0.0,0.0,0.0,160.37964285466754,863.4469659546827,0.0,0.0,0.0,0.0,0.0,0.0,0.0,0.0,39.83405267257605,317.5707051490786,0.0,0.0,0.0,0.0,0.0,0.0,0.0,0.0,56.739468613376886,370.562932164689,0.0,0.0,0.0,0.0,0.0,0.0,0.0,0.0,89.5780513269643,453.2842669155581,0.0,0.0,0.0,0.0,0.0,0.0,0.0,0.0,49.768182592184246,309.83614878657454,0.0,0.0,0.0,0.0,0.0,0.0,0.0,0.0,159.17153575282677,845.5888007553193,0.0,0.0,0.0,0.0,0.0,0.0,0.0,0.0,68.41024817027943,422.1959586611778,0.0,0.0,0.0,0.0,0.0,0.0,0.0,0.0,80.78107266688015,423.078007575238,0.0,0.0,0.0,0.0,0.0,0.0,0.0,0.0,57.71463776825269,404.5681478634712,0.0,0.0,0.0,0.0,0.0,0.0,0.0,0.0,66.47213860696661,416.9885419624028,4.145714817392103e-05,0.019102167965184,8.34452887869155e-05,0.0347112291708356,3.2902487822577205e-05,0.0148495999388316,0.000133164437495,0.0512306053447468,78.0928901086719,412.2036096876996,0.0,0.0,0.0,0.0,0.0,0.0,0.0,0.0,85.39856744972242,412.47736265044585,0.0,0.0,0.0,0.0,0.0,0.0,0.0,0.0,77.45987172583533,408.4785667360092,0.0,0.0,0.0,0.0,0.0,0.0,0.0,0.0,185.63513985195704,1292.9337695040615,0.0,0.0,0.0,0.0,0.0,0.0,0.0,0.0,9.467698828285485,40.74608112025888,0.0,0.0,0.0,0.0,0.0,0.0,0.0,0.0,,,,,,,,,,,,,,,,,,,,,,,,,,,,,,,,,,,,,,,,,,,,,,,,,,,,,,,,,,,,
.3.1.3,30.26462066030836,173.37989216867908,0.0,0.0,0.0,0.0,0.0,0.0,0.0,0.0,28.64355278867178,103.42339724482557,0.0,0.0,0.0,0.0,0.0,0.0,0.0,0.0,34.02599047123968,130.424576699612,0.0,0.0,0.0,0.0,0.0,0.0,0.0,0.0,41.57468134432226,176.60441502259613,0.0,0.0,0.0,0.0,0.0,0.0,0.0,0.0,30.53555379146396,176.3026918866234,0.0,0.0,0.0,0.0,0.0,0.0,0.0,0.0,87.38384252193114,465.82958214237925,0.0,0.0,0.0,0.0,0.0,0.0,0.0,0.0,17.73487089920494,131.54190263661422,0.0,0.0,0.0,0.0,0.0,0.0,0.0,0.0,25.7905055344226,159.0499527720591,0.0,0.0,0.0,0.0,0.0,0.0,0.0,0.0,39.45535765828406,192.08245491273627,0.0,0.0,0.0,0.0,0.0,0.0,0.0,0.0,21.51653809072613,125.38138433998397,0.0,0.0,0.0,0.0,0.0,0.0,0.0,0.0,85.99735832376948,457.7553308453255,0.0,0.0,0.0,0.0,0.0,0.0,0.0,0.0,32.31223701737847,181.34798886283525,0.0,0.0,0.0,0.0,0.0,0.0,0.0,0.0,38.6790430315558,180.06740103224533,0.0,0.0,0.0,0.0,0.0,0.0,0.0,0.0,25.82516492209527,170.300789878237,0.0,0.0,0.0,0.0,0.0,0.0,0.0,0.0,30.367067910629977,176.79776799069617,2.6371578653267103e-05,0.0138642558740501,5.3096308236861424e-05,0.0252127079700922,2.092993566358793e-05,0.0107793006377662,8.486970662287244e-05,0.0372333598526832,36.82773904125969,175.3653357373121,0.0,0.0,0.0,0.0,0.0,0.0,0.0,0.0,40.94348742728286,176.52472508032542,0.0,0.0,0.0,0.0,0.0,0.0,0.0,0.0,37.0082510790634,174.35539710475527,0.0,0.0,0.0,0.0,0.0,0.0,0.0,0.0,97.87221803487525,637.4902085386791,0.0,0.0,0.0,0.0,0.0,0.0,0.0,0.0,3.818748911392764,16.912698517564923,0.0,0.0,0.0,0.0,0.0,0.0,0.0,0.0,,,,,,,,,,,,,,,,,,,,,,,,,,,,,,,,,,,,,,,,,,,,,,,,,,,,,,,,,,,,
.1.2.1,456.03662277411377,6001.080390609749,0.0,0.0,0.0,0.0,0.0,0.0,0.0,0.0,374.4857774156569,3533.626077187645,0.0,0.0,0.0,0.0,0.0,0.0,0.0,0.0,379.99854318276647,3786.885805265045,0.0,0.0,0.0,0.0,0.0,0.0,0.0,0.0,460.0360776807636,4650.263858499074,0.0,0.0,0.0,0.0,0.0,0.0,0.0,0.0,457.696999295348,6041.664913980403,0.0,0.0,0.0,0.0,0.0,0.0,0.0,0.0,714.3380111196318,7314.904672491704,0.0,0.0,0.0,0.0,0.0,0.0,0.0,0.0,258.25104925645456,4180.167996046694,0.0,0.0,0.0,0.0,0.0,0.0,0.0,0.0,398.7220659274684,5533.8552072777,0.0,0.0,0.0,0.0,0.0,0.0,0.0,0.0,588.9507720903517,6175.980842516486,0.0,0.0,0.0,0.0,0.0,0.0,0.0,0.0,412.0953745399492,4477.844911371783,0.0,0.0,0.0,0.0,0.0,0.0,0.0,0.0,707.9054104311901,7248.826924592146,0.0,0.0,0.0,0.0,0.0,0.0,0.0,0.0,423.5758484721323,6010.434869257064,0.0,0.0,0.0,0.0,0.0,0.0,0.0,0.0,503.3017274712744,6030.208245312725,0.0,0.0,0.0,0.0,0.0,0.0,0.0,0.0,422.12951432503866,5984.43820502602,0.0,0.0,0.0,0.0,0.0,0.0,0.0,0.0,464.3385542885685,7501.329227212173,0.0751329022028479,27.54320553066977,0.0844123807465287,28.66724208889606,0.0613811987458543,22.155539311856305,0.1139702168282513,35.461821867184355,507.96605678071,6060.750023287381,0.0,0.0,0.0,0.0,0.0,0.0,0.0,0.0,552.4864968792513,6112.278418208022,0.0,0.0,0.0,0.0,0.0,0.0,0.0,0.0,524.3841730580124,6016.501721899514,0.0,0.0,0.0,0.0,0.0,0.0,0.0,0.0,574.5052220683328,7103.922776854241,0.0,0.0,0.0,0.0,0.0,0.0,0.0,0.0,232.12833715483936,3267.1705542880763,0.0,0.0,0.0,0.0,0.0,0.0,0.0,0.0,,,,,,,,,,,,,,,,,,,,,,,,,,,,,,,,,,,,,,,,,,,,,,,,,,,,,,,,,,,,
.2.2.1,534.9440180255078,7981.428963871408,0.0,0.0,0.0,0.0,0.0,0.0,0.0,0.0,424.6274501228118,4362.7311246262725,0.0,0.0,0.0,0.0,0.0,0.0,0.0,0.0,450.72821274589415,4795.844256531398,0.0,0.0,0.0,0.0,0.0,0.0,0.0,0.0,580.0973547475785,6586.148450831467,0.0,0.0,0.0,0.0,0.0,0.0,0.0,0.0,536.5995173247348,8018.669165984207,0.0,0.0,0.0,0.0,0.0,0.0,0.0,0.0,782.2800090496648,9137.875649243932,0.0,0.0,0.0,0.0,0.0,0.0,0.0,0.0,317.7063194505055,5819.00823734348,0.0,0.0,0.0,0.0,0.0,0.0,0.0,0.0,485.15725115273466,7264.37942739601,0.0,0.0,0.0,0.0,0.0,0.0,0.0,0.0,700.8030598620932,8499.15521954569,0.0,0.0,0.0,0.0,0.0,0.0,0.0,0.0,571.6002113344829,6706.29886461464,0.0,0.0,0.0,0.0,0.0,0.0,0.0,0.0,775.5024034453473,9072.45858294699,0.0,0.0,0.0,0.0,0.0,0.0,0.0,0.0,503.0733271348142,7964.389404609867,0.0,0.0,0.0,0.0,0.0,0.0,0.0,0.0,579.8263044601438,7982.532080177537,0.0,0.0,0.0,0.0,0.0,0.0,0.0,0.0,500.3758636495633,7966.51604662681,0.0,0.0,0.0,0.0,0.0,0.0,0.0,0.0,549.8243609550138,10676.443284159865,0.0788470917995452,25.274980536417583,0.0885698569142755,26.26089026063978,0.0644102912359462,20.31773532772416,0.1194146639940636,32.411405907729126,581.0291163867362,8022.41749905565,0.0,0.0,0.0,0.0,0.0,0.0,0.0,0.0,628.9784273797958,8071.7734402667775,0.0,0.0,0.0,0.0,0.0,0.0,0.0,0.0,593.1983681749492,7934.011907582112,0.0,0.0,0.0,0.0,0.0,0.0,0.0,0.0,646.935994964567,8976.17371134948,0.0,0.0,0.0,0.0,0.0,0.0,0.0,0.0,304.3190113914401,4934.24918427424,0.0,0.0,0.0,0.0,0.0,0.0,0.0,0.0,,,,,,,,,,,,,,,,,,,,,,,,,,,,,,,,,,,,,,,,,,,,,,,,,,,,,,,,,,,,
.3.2.1,323.53319133403795,4359.330953884369,0.0,0.0,0.0,0.0,0.0,0.0,0.0,0.0,263.5886623311798,2527.622207921192,0.0,0.0,0.0,0.0,0.0,0.0,0.0,0.0,270.233133261173,2727.4428038947344,0.0,0.0,0.0,0.0,0.0,0.0,0.0,0.0,330.4654235410812,3391.5767360646546,0.0,0.0,0.0,0.0,0.0,0.0,0.0,0.0,324.74382523344514,4389.1580220636,0.0,0.0,0.0,0.0,0.0,0.0,0.0,0.0,496.4515499242774,5230.359567808826,0.0,0.0,0.0,0.0,0.0,0.0,0.0,0.0,185.51012736885383,3067.035133718216,0.0,0.0,0.0,0.0,0.0,0.0,0.0,0.0,284.3436212510013,3997.937330569898,0.0,0.0,0.0,0.0,0.0,0.0,0.0,0.0,420.6466168499174,4524.905958949946,0.0,0.0,0.0,0.0,0.0,0.0,0.0,0.0,299.85264612219265,3301.880587812918,0.0,0.0,0.0,0.0,0.0,0.0,0.0,0.0,491.9495378324684,5182.89157489237,0.0,0.0,0.0,0.0,0.0,0.0,0.0,0.0,301.2752005203974,4363.630645636262,0.0,0.0,0.0,0.0,0.0,0.0,0.0,0.0,355.757241021154,4379.0999658935925,0.0,0.0,0.0,0.0,0.0,0.0,0.0,0.0,300.5052202100795,4348.786442162576,0.0,0.0,0.0,0.0,0.0,0.0,0.0,0.0,329.5566571132853,5463.621339692507,0.0501125289265801,18.37104473998396,0.0563013420820953,19.099434984666875,0.0409401836494355,14.769632147917546,0.0760105029297088,23.58942896418793,358.4824296477691,4400.120506346747,0.0,0.0,0.0,0.0,0.0,0.0,0.0,0.0,389.1993933309646,4435.904413839172,0.0,0.0,0.0,0.0,0.0,0.0,0.0,0.0,369.11818158189743,4366.621387262309,0.0,0.0,0.0,0.0,0.0,0.0,0.0,0.0,404.1810983300172,5111.3483518735,0.0,0.0,0.0,0.0,0.0,0.0,0.0,0.0,167.29050306842748,2385.3559727297734,0.0,0.0,0.0,0.0,0.0,0.0,0.0,0.0,,,,,,,,,,,,,,,,,,,,,,,,,,,,,,,,,,,,,,,,,,,,,,,,,,,,,,,,,,,,
.1.2.2,112.86341937553595,1511.2118253285034,0.0,0.0,0.0,0.0,0.0,0.0,0.0,0.0,90.61487130339646,815.086884726326,0.0,0.0,0.0,0.0,0.0,0.0,0.0,0.0,101.58883931230424,925.0746938204256,0.0,0.0,0.0,0.0,0.0,0.0,0.0,0.0,131.66425517238827,1271.0196851639191,0.0,0.0,0.0,0.0,0.0,0.0,0.0,0.0,113.57068623065972,1522.1055208793482,0.0,0.0,0.0,0.0,0.0,0.0,0.0,0.0,179.02362148420085,1843.4444900816056,0.0,0.0,0.0,0.0,0.0,0.0,0.0,0.0,68.81459751997434,1124.0609562238003,0.0,0.0,0.0,0.0,0.0,0.0,0.0,0.0,101.73715153756017,1365.5512858870563,0.0,0.0,0.0,0.0,0.0,0.0,0.0,0.0,153.1962269913663,1634.6070791596906,0.0,0.0,0.0,0.0,0.0,0.0,0.0,0.0,115.80391865818868,1249.754470367655,0.0,0.0,0.0,0.0,0.0,0.0,0.0,0.0,176.65271946965083,1825.8612815702224,0.0,0.0,0.0,0.0,0.0,0.0,0.0,0.0,111.63797347901222,1515.568775263829,0.0,0.0,0.0,0.0,0.0,0.0,0.0,0.0,124.75683106049895,1518.3512361511,0.0,0.0,0.0,0.0,0.0,0.0,0.0,0.0,105.09672853090268,1507.7828862260385,0.0,0.0,0.0,0.0,0.0,0.0,0.0,0.0,114.93827348131562,1903.6442895652604,0.0068573524083769,3.2173111318120657,0.0079035932195927,3.4026858951887338,0.0055949734294788,2.5799252120003726,0.0107585975880791,4.216577703234528,123.69612928767414,1519.3710390290692,0.0,0.0,0.0,0.0,0.0,0.0,0.0,0.0,134.14670384896624,1528.7301100426066,0.0,0.0,0.0,0.0,0.0,0.0,0.0,0.0,126.543735466768,1505.3791499508627,0.0,0.0,0.0,0.0,0.0,0.0,0.0,0.0,184.4622057446955,2063.1646083990267,0.0,0.0,0.0,0.0,0.0,0.0,0.0,0.0,53.80902298618625,788.1485277077367,0.0,0.0,0.0,0.0,0.0,0.0,0.0,0.0,,,,,,,,,,,,,,,,,,,,,,,,,,,,,,,,,,,,,,,,,,,,,,,,,,,,,,,,,,,,
.2.2.2,184.7169399329515,2941.858622174001,0.0,0.0,0.0,0.0,0.0,0.0,0.0,0.0,140.19509771329558,1471.727420452149,0.0,0.0,0.0,0.0,0.0,0.0,0.0,0.0,166.4387011057216,1710.368587567667,0.0,0.0,0.0,0.0,0.0,0.0,0.0,0.0,232.40939425321392,2654.6164662816127,0.0,0.0,0.0,0.0,0.0,0.0,0.0,0.0,185.47253925567367,2953.3916094575275,0.0,0.0,0.0,0.0,0.0,0.0,0.0,0.0,255.32255019064897,3269.6080384691763,0.0,0.0,0.0,0.0,0.0,0.0,0.0,0.0,118.8921762491087,2277.118215340714,0.0,0.0,0.0,0.0,0.0,0.0,0.0,0.0,174.4526398434145,2635.2182995068074,0.0,0.0,0.0,0.0,0.0,0.0,0.0,0.0,255.68973079101883,3264.371339412779,0.0,0.0,0.0,0.0,0.0,0.0,0.0,0.0,233.4040158133824,2749.5449490998294,0.0,0.0,0.0,0.0,0.0,0.0,0.0,0.0,252.4974374671017,3247.32749068914,0.0,0.0,0.0,0.0,0.0,0.0,0.0,0.0,181.550878665465,2932.4316250641014,0.0,0.0,0.0,0.0,0.0,0.0,0.0,0.0,197.36888514693985,2936.252770959153,0.0,0.0,0.0,0.0,0.0,0.0,0.0,0.0,174.78418964310927,2938.427659373768,0.0,0.0,0.0,0.0,0.0,0.0,0.0,0.0,190.8142397393162,4038.669226526244,0.0071961126968438,2.967504099150389,0.0082923995681082,3.1324417859943137,0.0058709139177734,2.377856175809799,0.0112717390963141,3.87230944684994,194.6391188163476,2941.3791339176983,0.0,0.0,0.0,0.0,0.0,0.0,0.0,0.0,208.8279868141786,2952.5363242869,0.0,0.0,0.0,0.0,0.0,0.0,0.0,0.0,195.03451892973547,2901.3310158667155,0.0,0.0,0.0,0.0,0.0,0.0,0.0,0.0,262.62401005239053,3558.3831751710745,0.0,0.0,0.0,0.0,0.0,0.0,0.0,0.0,105.55842071976458,1834.929308208537,0.0,0.0,0.0,0.0,0.0,0.0,0.0,0.0,,,,,,,,,,,,,,,,,,,,,,,,,,,,,,,,,,,,,,,,,,,,,,,,,,,,,,,,,,,,
.3.2.2,83.02062198049197,1113.5248540790085,0.0,0.0,0.0,0.0,0.0,0.0,0.0,0.0,66.47701782049047,596.5115369442374,0.0,0.0,0.0,0.0,0.0,0.0,0.0,0.0,74.93857768908983,680.3757516416911,0.0,0.0,0.0,0.0,0.0,0.0,0.0,0.0,97.36119957250848,935.4542598899908,0.0,0.0,0.0,0.0,0.0,0.0,0.0,0.0,83.53643410719641,1121.9363496355395,0.0,0.0,0.0,0.0,0.0,0.0,0.0,0.0,129.68570038411147,1344.7957109892443,0.0,0.0,0.0,0.0,0.0,0.0,0.0,0.0,50.93065622646897,832.1121253246858,0.0,0.0,0.0,0.0,0.0,0.0,0.0,0.0,74.93573084756133,1002.7857648432196,0.0,0.0,0.0,0.0,0.0,0.0,0.0,0.0,113.21098725415196,1209.6104504099574,0.0,0.0,0.0,0.0,0.0,0.0,0.0,0.0,85.45881911982063,921.6108803567593,0.0,0.0,0.0,0.0,0.0,0.0,0.0,0.0,127.94109869566668,1331.3878539944833,0.0,0.0,0.0,0.0,0.0,0.0,0.0,0.0,81.98860675850544,1116.340216084756,0.0,0.0,0.0,0.0,0.0,0.0,0.0,0.0,91.61358403148134,1119.1306529100243,0.0,0.0,0.0,0.0,0.0,0.0,0.0,0.0,77.45040826130919,1111.262361966957,0.0,0.0,0.0,0.0,0.0,0.0,0.0,0.0,84.48426719867423,1394.2111039381523,0.0045737448547668,2.153146595600121,0.0052715216165954,2.274141089404322,0.0037317440398228,1.725478448328175,0.0071752389153618,2.8130603759090045,90.69685042892463,1119.4331816878514,0.0,0.0,0.0,0.0,0.0,0.0,0.0,0.0,98.04156858019294,1126.020753648261,0.0,0.0,0.0,0.0,0.0,0.0,0.0,0.0,92.43100180385356,1109.0912664364378,0.0,0.0,0.0,0.0,0.0,0.0,0.0,0.0,134.30909640007118,1514.5350796407365,0.0,0.0,0.0,0.0,0.0,0.0,0.0,0.0,39.46868564746835,572.4786122887664,0.0,0.0,0.0,0.0,0.0,0.0,0.0,0.0,,,,,,,,,,,,,,,,,,,,,,,,,,,,,,,,,,,,,,,,,,,,,,,,,,,,,,,,,,,,
.1.2.3,116.01929398583864,1251.826224422173,0.0,0.0,0.0,0.0,0.0,0.0,0.0,0.0,97.02418163841776,686.3233377756278,0.0,0.0,0.0,0.0,0.0,0.0,0.0,0.0,108.87214875195627,792.7694267566036,0.0,0.0,0.0,0.0,0.0,0.0,0.0,0.0,137.17276135918635,1068.63048629972,0.0,0.0,0.0,0.0,0.0,0.0,0.0,0.0,116.9711223082516,1264.1850477284245,0.0,0.0,0.0,0.0,0.0,0.0,0.0,0.0,219.90913582606385,1789.8614442396602,0.0,0.0,0.0,0.0,0.0,0.0,0.0,0.0,69.0088163240894,931.6651386849456,0.0,0.0,0.0,0.0,0.0,0.0,0.0,0.0,102.1514052240795,1139.8150712132624,0.0,0.0,0.0,0.0,0.0,0.0,0.0,0.0,157.02297052467992,1352.175890023029,0.0,0.0,0.0,0.0,0.0,0.0,0.0,0.0,104.49591333312016,985.791296021957,0.0,0.0,0.0,0.0,0.0,0.0,0.0,0.0,216.4708672742665,1770.577056981383,0.0,0.0,0.0,0.0,0.0,0.0,0.0,0.0,113.3943132939264,1258.572924183428,0.0,0.0,0.0,0.0,0.0,0.0,0.0,0.0,133.21987003797534,1265.7067808379015,0.0,0.0,0.0,0.0,0.0,0.0,0.0,0.0,105.87530081507828,1245.9162739468522,0.0,0.0,0.0,0.0,0.0,0.0,0.0,0.0,117.27801155178076,1457.660786909196,0.0015278374095015,1.1232373528974278,0.0021752936433158,1.396738163069454,0.0012332744716912,0.8895822360076757,0.0031550088561853,1.8255265660417983,131.02580672820005,1261.1380766103412,0.0,0.0,0.0,0.0,0.0,0.0,0.0,0.0,143.2641564616262,1270.6897588833428,0.0,0.0,0.0,0.0,0.0,0.0,0.0,0.0,134.7665910418716,1252.9530055363457,0.0,0.0,0.0,0.0,0.0,0.0,0.0,0.0,214.9662646577993,2048.9532672001683,0.0,0.0,0.0,0.0,0.0,0.0,0.0,0.0,41.89445501181006,488.6694254480657,0.0,0.0,0.0,0.0,0.0,0.0,0.0,0.0,,,,,,,,,,,,,,,,,,,,,,,,,,,,,,,,,,,,,,,,,,,,,,,,,,,,,,,,,,,,
.2.2.3,181.98685020820471,2376.1313943739774,0.0,0.0,0.0,0.0,0.0,0.0,0.0,0.0,145.17369115253152,1215.774196908098,0.0,0.0,0.0,0.0,0.0,0.0,0.0,0.0,169.4766453862907,1433.798322554737,0.0,0.0,0.0,0.0,0.0,0.0,0.0,0.0,226.14323336306748,2146.836766238545,0.0,0.0,0.0,0.0,0.0,0.0,0.0,0.0,182.69162932840712,2391.979719196935,0.0,0.0,0.0,0.0,0.0,0.0,0.0,0.0,291.7849945050659,2905.600919836748,0.0,0.0,0.0,0.0,0.0,0.0,0.0,0.0,113.8676349018802,1835.618918505472,0.0,0.0,0.0,0.0,0.0,0.0,0.0,0.0,166.40466223126344,2135.4504341110564,0.0,0.0,0.0,0.0,0.0,0.0,0.0,0.0,251.28148884063043,2627.1794746879414,0.0,0.0,0.0,0.0,0.0,0.0,0.0,0.0,199.17098676063927,2115.264581168502,0.0,0.0,0.0,0.0,0.0,0.0,0.0,0.0,288.06786906972604,2879.127506597112,0.0,0.0,0.0,0.0,0.0,0.0,0.0,0.0,176.9615286223181,2373.838470729996,0.0,0.0,0.0,0.0,0.0,0.0,0.0,0.0,200.81632393598423,2385.0317782355173,0.0,0.0,0.0,0.0,0.0,0.0,0.0,0.0,169.43686025474753,2370.64851227325,0.0,0.0,0.0,0.0,0.0,0.0,0.0,0.0,186.13271788791383,3032.752670151554,0.0016028470648666,1.0408818954706665,0.0022813549493288,1.2904017136466346,0.0012937632254403,0.823699379597649,0.0033037426205913,1.6823247515630362,197.4849824611048,2380.1676900744665,0.0,0.0,0.0,0.0,0.0,0.0,0.0,0.0,213.1504407590764,2391.5740640324907,0.0,0.0,0.0,0.0,0.0,0.0,0.0,0.0,199.27567149076864,2354.51900874714,0.0,0.0,0.0,0.0,0.0,0.0,0.0,0.0,292.0636600744187,3305.8489739586357,0.0,0.0,0.0,0.0,0.0,0.0,0.0,0.0,82.4274780571172,1204.7680233279502,0.0,0.0,0.0,0.0,0.0,0.0,0.0,0.0,,,,,,,,,,,,,,,,,,,,,,,,,,,,,,,,,,,,,,,,,,,,,,,,,,,,,,,,,,,,
.3.2.3,85.05593838828409,919.7041676120742,0.0,0.0,0.0,0.0,0.0,0.0,0.0,0.0,71.00056117098052,501.5685707472725,0.0,0.0,0.0,0.0,0.0,0.0,0.0,0.0,80.02446904464072,582.3805383074535,0.0,0.0,0.0,0.0,0.0,0.0,0.0,0.0,101.03662040307847,784.6741799510257,0.0,0.0,0.0,0.0,0.0,0.0,0.0,0.0,85.74548979079994,929.0847667447326,0.0,0.0,0.0,0.0,0.0,0.0,0.0,0.0,157.90639539620085,1291.617705711647,0.0,0.0,0.0,0.0,0.0,0.0,0.0,0.0,50.88053098034208,687.481802111671,0.0,0.0,0.0,0.0,0.0,0.0,0.0,0.0,75.02258360694287,834.5350005794659,0.0,0.0,0.0,0.0,0.0,0.0,0.0,0.0,115.68963404834862,997.719269461606,0.0,0.0,0.0,0.0,0.0,0.0,0.0,0.0,76.90787256763893,724.7086133721849,0.0,0.0,0.0,0.0,0.0,0.0,0.0,0.0,155.38847761892154,1277.064301097695,0.0,0.0,0.0,0.0,0.0,0.0,0.0,0.0,83.11062433591903,924.2798510028616,0.0,0.0,0.0,0.0,0.0,0.0,0.0,0.0,97.38888756120384,930.0813453902692,0.0,0.0,0.0,0.0,0.0,0.0,0.0,0.0,77.8082833155266,915.7041107516626,0.0,0.0,0.0,0.0,0.0,0.0,0.0,0.0,85.91840120185401,1063.7398390938552,0.0010190286066665,0.7537400003529142,0.0014508430279385,0.935107421362524,0.0008225608097254,0.5965100725738363,0.0021041174004223,1.2198172598487476,95.63796151915751,926.2509275071394,0.0,0.0,0.0,0.0,0.0,0.0,0.0,0.0,104.10424703210953,932.8224505664108,0.0,0.0,0.0,0.0,0.0,0.0,0.0,0.0,97.99923309060551,920.074279292512,0.0,0.0,0.0,0.0,0.0,0.0,0.0,0.0,155.7497141910263,1497.9431423876745,0.0,0.0,0.0,0.0,0.0,0.0,0.0,0.0,30.70544033684794,352.3998424573936,0.0,0.0,0.0,0.0,0.0,0.0,0.0,0.0,,,,,,,,,,,,,,,,,,,,,,,,,,,,,,,,,,,,,,,,,,,,,,,,,,,,,,,,,,,,
.1.3.1,472.9129257172469,6637.887160169043,0.0,0.0,0.0,0.0,0.0,0.0,0.0,0.0,382.15501724629314,3960.2877852139263,0.0,0.0,0.0,0.0,0.0,0.0,0.0,0.0,390.28309159369417,4218.153891856209,0.0,0.0,0.0,0.0,0.0,0.0,0.0,0.0,480.2562028262366,5124.603009542265,0.0,0.0,0.0,0.0,0.0,0.0,0.0,0.0,474.72250156245207,6682.100535260944,0.0,0.0,0.0,0.0,0.0,0.0,0.0,0.0,746.1894255954804,8017.559110398809,0.0,0.0,0.0,0.0,0.0,0.0,0.0,0.0,270.1637696342168,4577.570231118159,0.0,0.0,0.0,0.0,0.0,0.0,0.0,0.0,415.82364736450427,6093.075510557156,0.0,0.0,0.0,0.0,0.0,0.0,0.0,0.0,614.0078410511454,6854.038299516192,0.0,0.0,0.0,0.0,0.0,0.0,0.0,0.0,439.1543996830858,4939.848984584015,0.0,0.0,0.0,0.0,0.0,0.0,0.0,0.0,739.7017992614396,7945.79381062026,0.0,0.0,0.0,0.0,0.0,0.0,0.0,0.0,437.4199374921514,6640.575441909838,0.0,0.0,0.0,0.0,0.0,0.0,0.0,0.0,522.7813138592803,6669.179416640401,0.0,0.0,0.0,0.0,0.0,0.0,0.0,0.0,437.25214491686177,6621.765212271665,0.0,0.0,0.0,0.0,0.0,0.0,0.0,0.0,482.4859390089349,8512.28566265689,0.0403170233669862,58.04999732338864,0.0499755409228852,50.835536766067456,0.0327693874996847,47.378600640189255,0.069468473702536,59.340307090781465,527.2743238289621,6699.045850202065,0.0,0.0,0.0,0.0,0.0,0.0,0.0,0.0,574.2358654861142,6751.477678183586,0.0,0.0,0.0,0.0,0.0,0.0,0.0,0.0,544.6020868032689,6646.4423196053685,0.0,0.0,0.0,0.0,0.0,0.0,0.0,0.0,593.4455745017618,7754.208502882066,0.0,0.0,0.0,0.0,0.0,0.0,0.0,0.0,238.48820266878303,3854.6020940448393,0.0,0.0,0.0,0.0,0.0,0.0,0.0,0.0,,,,,,,,,,,,,,,,,,,,,,,,,,,,,,,,,,,,,,,,,,,,,,,,,,,,,,,,,,,,
.2.3.1,551.3249015463599,8607.0054597456,0.0,0.0,0.0,0.0,0.0,0.0,0.0,0.0,431.6207205386973,4767.17407780818,0.0,0.0,0.0,0.0,0.0,0.0,0.0,0.0,460.62173874721,5207.155938448464,0.0,0.0,0.0,0.0,0.0,0.0,0.0,0.0,600.2116538909974,7056.082652049871,0.0,0.0,0.0,0.0,0.0,0.0,0.0,0.0,553.0591620258961,8647.576527910702,0.0,0.0,0.0,0.0,0.0,0.0,0.0,0.0,812.108474556552,9817.984673381325,0.0,0.0,0.0,0.0,0.0,0.0,0.0,0.0,329.54351148364003,6220.209616682201,0.0,0.0,0.0,0.0,0.0,0.0,0.0,0.0,502.0951333432204,7816.100659788033,0.0,0.0,0.0,0.0,0.0,0.0,0.0,0.0,725.2895197441139,9170.00617693302,0.0,0.0,0.0,0.0,0.0,0.0,0.0,0.0,599.5483269835185,7179.159164163501,0.0,0.0,0.0,0.0,0.0,0.0,0.0,0.0,805.431482619922,9747.27074680561,0.0,0.0,0.0,0.0,0.0,0.0,0.0,0.0,516.5827551045226,8583.346405699383,0.0,0.0,0.0,0.0,0.0,0.0,0.0,0.0,598.5568286096803,8609.677190286788,0.0,0.0,0.0,0.0,0.0,0.0,0.0,0.0,515.1676238118607,8592.626137815476,0.0,0.0,0.0,0.0,0.0,0.0,0.0,0.0,567.5523128695528,11674.14587967098,0.042305530049928,52.67433584587619,0.0524266529488905,46.215300913956455,0.034383338890559,42.96229768555611,0.0727691735678571,53.90034772932706,599.4468431147908,8649.316204410965,0.0,0.0,0.0,0.0,0.0,0.0,0.0,0.0,649.748220964568,8699.508503603503,0.0,0.0,0.0,0.0,0.0,0.0,0.0,0.0,612.3813504675292,8552.276508326146,0.0,0.0,0.0,0.0,0.0,0.0,0.0,0.0,664.6320190351402,9606.0614859869,0.0,0.0,0.0,0.0,0.0,0.0,0.0,0.0,311.38435205815864,5509.771713420137,0.0,0.0,0.0,0.0,0.0,0.0,0.0,0.0,,,,,,,,,,,,,,,,,,,,,,,,,,,,,,,,,,,,,,,,,,,,,,,,,,,,,,,,,,,,
.3.3.1,335.4437246277592,4795.167706231892,0.0,0.0,0.0,0.0,0.0,0.0,0.0,0.0,269.1471799558285,2815.920289357794,0.0,0.0,0.0,0.0,0.0,0.0,0.0,0.0,277.60198272371423,3019.6084605699666,0.0,0.0,0.0,0.0,0.0,0.0,0.0,0.0,344.71190241533606,3716.848665777277,0.0,0.0,0.0,0.0,0.0,0.0,0.0,0.0,336.744636093254,4827.502631050924,0.0,0.0,0.0,0.0,0.0,0.0,0.0,0.0,518.009192914465,5708.482739509262,0.0,0.0,0.0,0.0,0.0,0.0,0.0,0.0,193.89601868579967,3342.200198849002,0.0,0.0,0.0,0.0,0.0,0.0,0.0,0.0,296.39412821578645,4381.2705718726775,0.0,0.0,0.0,0.0,0.0,0.0,0.0,0.0,438.2959989535878,4990.3081718243775,0.0,0.0,0.0,0.0,0.0,0.0,0.0,0.0,318.82150703684925,3621.91941988844,0.0,0.0,0.0,0.0,0.0,0.0,0.0,0.0,513.502511226939,5657.08844752297,0.0,0.0,0.0,0.0,0.0,0.0,0.0,0.0,311.1311095496587,4794.971313264181,0.0,0.0,0.0,0.0,0.0,0.0,0.0,0.0,369.3877589881693,4816.348043129559,0.0,0.0,0.0,0.0,0.0,0.0,0.0,0.0,311.2653942529629,4785.012533908314,0.0,0.0,0.0,0.0,0.0,0.0,0.0,0.0,342.3335320670654,6153.772056734203,0.0268907126671919,38.44154959451353,0.0333323488428097,33.693265009240584,0.021856507557923,31.360455566423017,0.0463302598518207,39.30239767671884,371.9786261444372,4836.977020632873,0.0,0.0,0.0,0.0,0.0,0.0,0.0,0.0,404.3528893451506,4873.424479295149,0.0,0.0,0.0,0.0,0.0,0.0,0.0,0.0,383.21386967999314,4797.779199624346,0.0,0.0,0.0,0.0,0.0,0.0,0.0,0.0,417.20021392091456,5554.305295144904,0.0,0.0,0.0,0.0,0.0,0.0,0.0,0.0,172.10276233778382,2782.28237060552,0.0,0.0,0.0,0.0,0.0,0.0,0.0,0.0,,,,,,,,,,,,,,,,,,,,,,,,,,,,,,,,,,,,,,,,,,,,,,,,,,,,,,,,,,,,
.1.3.2,123.021220082658,1913.0962925775336,0.0,0.0,0.0,0.0,0.0,0.0,0.0,0.0,95.7497940092338,1099.6183548144484,0.0,0.0,0.0,0.0,0.0,0.0,0.0,0.0,109.85192827502507,1216.7634288577908,0.0,0.0,0.0,0.0,0.0,0.0,0.0,0.0,144.84993347747718,1556.0079403352097,0.0,0.0,0.0,0.0,0.0,0.0,0.0,0.0,123.8802605321839,1926.563764073004,0.0,0.0,0.0,0.0,0.0,0.0,0.0,0.0,186.83943989105853,2252.2468828046453,0.0,0.0,0.0,0.0,0.0,0.0,0.0,0.0,77.08810736501181,1364.4544616118617,0.0,0.0,0.0,0.0,0.0,0.0,0.0,0.0,111.95684711524731,1729.303925304914,0.0,0.0,0.0,0.0,0.0,0.0,0.0,0.0,170.86165273040928,2034.50613946984,0.0,0.0,0.0,0.0,0.0,0.0,0.0,0.0,132.25687812169264,1498.8861554735831,0.0,0.0,0.0,0.0,0.0,0.0,0.0,0.0,184.40289893540609,2231.0650175798005,0.0,0.0,0.0,0.0,0.0,0.0,0.0,0.0,121.51679431721683,1915.3795250372057,0.0,0.0,0.0,0.0,0.0,0.0,0.0,0.0,134.72508814744006,1921.442744030111,0.0,0.0,0.0,0.0,0.0,0.0,0.0,0.0,115.48326389354706,1910.807855268288,0.0,0.0,0.0,0.0,0.0,0.0,0.0,0.0,125.66247412619283,2437.935247486273,0.0024179454437979,16.38524757454284,0.003086184161052,13.998524817094529,0.0019623139924627,13.417623981916773,0.0043253675916912,16.269572784205245,133.57547321530146,1923.721499611916,0.0,0.0,0.0,0.0,0.0,0.0,0.0,0.0,144.05012383485598,1934.9129040979933,0.0,0.0,0.0,0.0,0.0,0.0,0.0,0.0,135.51410306077614,1906.0045387652483,0.0,0.0,0.0,0.0,0.0,0.0,0.0,0.0,195.300870195796,2468.125706178281,0.0,0.0,0.0,0.0,0.0,0.0,0.0,0.0,62.31705253277585,1111.0702102478817,0.0,0.0,0.0,0.0,0.0,0.0,0.0,0.0,,,,,,,,,,,,,,,,,,,,,,,,,,,,,,,,,,,,,,,,,,,,,,,,,,,,,,,,,,,,
.2.3.2,196.39999829887643,3344.2172376557355,0.0,0.0,0.0,0.0,0.0,0.0,0.0,0.0,146.41749085707315,1741.1880961735287,0.0,0.0,0.0,0.0,0.0,0.0,0.0,0.0,175.51939645368608,1992.2116460058385,0.0,0.0,0.0,0.0,0.0,0.0,0.0,0.0,246.16702394400605,2918.7454169830453,0.0,0.0,0.0,0.0,0.0,0.0,0.0,0.0,197.3077480538143,3359.697348835089,0.0,0.0,0.0,0.0,0.0,0.0,0.0,0.0,264.9003299002608,3681.052260790037,0.0,0.0,0.0,0.0,0.0,0.0,0.0,0.0,128.29413827729942,2527.9667724368887,0.0,0.0,0.0,0.0,0.0,0.0,0.0,0.0,185.5153530883264,2998.00254951435,0.0,0.0,0.0,0.0,0.0,0.0,0.0,0.0,275.5870689596911,3677.053602591968,0.0,0.0,0.0,0.0,0.0,0.0,0.0,0.0,249.5746873776054,2987.616314009881,0.0,0.0,0.0,0.0,0.0,0.0,0.0,0.0,261.9969218609993,3653.808962468384,0.0,0.0,0.0,0.0,0.0,0.0,0.0,0.0,192.8094125096064,3333.87711016064,0.0,0.0,0.0,0.0,0.0,0.0,0.0,0.0,209.1178137056101,3342.3144157435704,0.0,0.0,0.0,0.0,0.0,0.0,0.0,0.0,186.7717686231013,3342.1093659386534,0.0,0.0,0.0,0.0,0.0,0.0,0.0,0.0,202.88191096872563,4519.156719431675,0.002537119364293,14.706530149920797,0.003237374008588,12.598989029663205,0.0020589027469633,12.035343835461562,0.0045305791868639,14.638333546008862,206.46779819736992,3348.6679446894564,0.0,0.0,0.0,0.0,0.0,0.0,0.0,0.0,220.8091470854272,3362.3404550641458,0.0,0.0,0.0,0.0,0.0,0.0,0.0,0.0,205.8679247835052,3306.2294368355206,0.0,0.0,0.0,0.0,0.0,0.0,0.0,0.0,275.27314587659805,3961.511487893804,0.0,0.0,0.0,0.0,0.0,0.0,0.0,0.0,114.82204229863383,2130.211272871361,0.0,0.0,0.0,0.0,0.0,0.0,0.0,0.0,,,,,,,,,,,,,,,,,,,,,,,,,,,,,,,,,,,,,,,,,,,,,,,,,,,,,,,,,,,,
.3.3.2,90.09858406657904,1384.6513036888418,0.0,0.0,0.0,0.0,0.0,0.0,0.0,0.0,70.14194861455127,786.8734999992936,0.0,0.0,0.0,0.0,0.0,0.0,0.0,0.0,80.73912443409019,876.1314816675792,0.0,0.0,0.0,0.0,0.0,0.0,0.0,0.0,106.54358899460084,1128.2998608946343,0.0,0.0,0.0,0.0,0.0,0.0,0.0,0.0,90.71749452921613,1394.8215653669288,0.0,0.0,0.0,0.0,0.0,0.0,0.0,0.0,135.35060852934342,1621.172223350705,0.0,0.0,0.0,0.0,0.0,0.0,0.0,0.0,56.64871381834585,995.5887378401588,0.0,0.0,0.0,0.0,0.0,0.0,0.0,0.0,82.02745925014001,1247.7287168047053,0.0,0.0,0.0,0.0,0.0,0.0,0.0,0.0,125.398689566758,1480.3686521317509,0.0,0.0,0.0,0.0,0.0,0.0,0.0,0.0,96.7574204038538,1091.294328872869,0.0,0.0,0.0,0.0,0.0,0.0,0.0,0.0,133.56441454142538,1605.2815707868428,0.0,0.0,0.0,0.0,0.0,0.0,0.0,0.0,88.86622821270838,1386.09024411201,0.0,0.0,0.0,0.0,0.0,0.0,0.0,0.0,98.59364439280871,1391.0846928208816,0.0,0.0,0.0,0.0,0.0,0.0,0.0,0.0,84.66429707421918,1383.149951920922,0.0,0.0,0.0,0.0,0.0,0.0,0.0,0.0,91.9377776062129,1754.4116670478224,0.0016127225076824,10.799087067543264,0.0020583967810602,9.23565147288433,0.0013088212395278,8.839953824976076,0.0028846861729091,10.72961796080542,97.5992479857854,1392.20193031245,0.0,0.0,0.0,0.0,0.0,0.0,0.0,0.0,104.96314404203756,1400.029598484671,0.0,0.0,0.0,0.0,0.0,0.0,0.0,0.0,98.70738267198848,1379.3504090207157,0.0,0.0,0.0,0.0,0.0,0.0,0.0,0.0,141.98096498362014,1788.783025588554,0.0,0.0,0.0,0.0,0.0,0.0,0.0,0.0,45.28736775124086,788.1427101045355,0.0,0.0,0.0,0.0,0.0,0.0,0.0,0.0,,,,,,,,,,,,,,,,,,,,,,,,,,,,,,,,,,,,,,,,,,,,,,,,,,,,,,,,,,,,
.1.3.3,127.23997286734712,1580.1604602253344,0.0,0.0,0.0,0.0,0.0,0.0,0.0,0.0,104.08256788104508,924.3446436856034,0.0,0.0,0.0,0.0,0.0,0.0,0.0,0.0,118.7664746719267,1038.0119945804602,0.0,0.0,0.0,0.0,0.0,0.0,0.0,0.0,150.87752368087658,1292.8671297577189,0.0,0.0,0.0,0.0,0.0,0.0,0.0,0.0,128.33041055141967,1595.3334832376893,0.0,0.0,0.0,0.0,0.0,0.0,0.0,0.0,231.3883140167069,2140.3956831883825,0.0,0.0,0.0,0.0,0.0,0.0,0.0,0.0,77.43348528161339,1124.2100435777286,0.0,0.0,0.0,0.0,0.0,0.0,0.0,0.0,112.80620603177168,1445.5294448158006,0.0,0.0,0.0,0.0,0.0,0.0,0.0,0.0,175.81387493240138,1664.826574555198,0.0,0.0,0.0,0.0,0.0,0.0,0.0,0.0,118.328354678246,1164.941658974636,0.0,0.0,0.0,0.0,0.0,0.0,0.0,0.0,227.6197256605088,2117.3605865784884,0.0,0.0,0.0,0.0,0.0,0.0,0.0,0.0,124.56214354187608,1586.4447274495658,0.0,0.0,0.0,0.0,0.0,0.0,0.0,0.0,144.66623119796017,1596.2181827177517,0.0,0.0,0.0,0.0,0.0,0.0,0.0,0.0,117.18769392846426,1575.0529301826746,0.0,0.0,0.0,0.0,0.0,0.0,0.0,0.0,128.70079654341504,1838.092539681077,0.0004173423006503,8.978740338495953,0.0006789724540924,8.411472062191494,0.0003346160318104,7.315893136715853,0.0010205961234278,10.169523078649895,142.20775236323811,1592.4377298515224,0.0,0.0,0.0,0.0,0.0,0.0,0.0,0.0,154.37832890425935,1604.2308259765716,0.0,0.0,0.0,0.0,0.0,0.0,0.0,0.0,144.92940564000676,1582.4073861275417,0.0,0.0,0.0,0.0,0.0,0.0,0.0,0.0,228.5560181852393,2405.6842094745607,0.0,0.0,0.0,0.0,0.0,0.0,0.0,0.0,49.71139370491222,701.1991948611472,0.0,0.0,0.0,0.0,0.0,0.0,0.0,0.0,,,,,,,,,,,,,,,,,,,,,,,,,,,,,,,,,,,,,,,,,,,,,,,,,,,,,,,,,,,,
.2.3.3,196.04793814533505,2647.9157010761537,0.0,0.0,0.0,0.0,0.0,0.0,0.0,0.0,155.1170479533168,1422.533898212476,0.0,0.0,0.0,0.0,0.0,0.0,0.0,0.0,180.8062520176272,1648.8634029504597,0.0,0.0,0.0,0.0,0.0,0.0,0.0,0.0,239.1228821843256,2266.998863975949,0.0,0.0,0.0,0.0,0.0,0.0,0.0,0.0,196.8967264167975,2670.1192462317126,0.0,0.0,0.0,0.0,0.0,0.0,0.0,0.0,306.6567827352857,3204.102303955132,0.0,0.0,0.0,0.0,0.0,0.0,0.0,0.0,123.613259978974,1988.974768009897,0.0,0.0,0.0,0.0,0.0,0.0,0.0,0.0,177.43081887623453,2384.0532299944525,0.0,0.0,0.0,0.0,0.0,0.0,0.0,0.0,273.17506103514154,2883.353579608624,0.0,0.0,0.0,0.0,0.0,0.0,0.0,0.0,207.01358708162067,2175.560566673896,0.0,0.0,0.0,0.0,0.0,0.0,0.0,0.0,302.56283843956925,3170.5446453926425,0.0,0.0,0.0,0.0,0.0,0.0,0.0,0.0,190.8983364557077,2648.690517698948,0.0,0.0,0.0,0.0,0.0,0.0,0.0,0.0,215.6591433033432,2665.9411433695795,0.0,0.0,0.0,0.0,0.0,0.0,0.0,0.0,183.56055846867352,2643.600898034547,0.0,0.0,0.0,0.0,0.0,0.0,0.0,0.0,199.3275634959721,3192.2358265059265,0.000437751434212,8.022510653597477,0.0007119218404567,7.540481068110274,0.0003509695192263,6.532386037948427,0.0010684204154034,9.116409099157138,212.5956988950272,2660.2286419150814,0.0,0.0,0.0,0.0,0.0,0.0,0.0,0.0,228.0211911564068,2675.124731493405,0.0,0.0,0.0,0.0,0.0,0.0,0.0,0.0,213.38344761720623,2637.788038557568,0.0,0.0,0.0,0.0,0.0,0.0,0.0,0.0,309.4299666447803,3619.409783484981,0.0,0.0,0.0,0.0,0.0,0.0,0.0,0.0,89.20534752173698,1277.6421699522298,0.0,0.0,0.0,0.0,0.0,0.0,0.0,0.0,,,,,,,,,,,,,,,,,,,,,,,,,,,,,,,,,,,,,,,,,,,,,,,,,,,,,,,,,,,,
.3.3.3,92.8060035014444,1141.3872033859684,0.0,0.0,0.0,0.0,0.0,0.0,0.0,0.0,75.93142044476633,660.9129059400535,0.0,0.0,0.0,0.0,0.0,0.0,0.0,0.0,86.90258968719364,747.0230336466468,0.0,0.0,0.0,0.0,0.0,0.0,0.0,0.0,110.58089846506104,937.6752023226862,0.0,0.0,0.0,0.0,0.0,0.0,0.0,0.0,93.5881715378581,1152.639204365484,0.0,0.0,0.0,0.0,0.0,0.0,0.0,0.0,166.09114595625113,1529.0844807021783,0.0,0.0,0.0,0.0,0.0,0.0,0.0,0.0,56.67489729882306,818.6371942925296,0.0,0.0,0.0,0.0,0.0,0.0,0.0,0.0,82.41083207761605,1040.4854858424478,0.0,0.0,0.0,0.0,0.0,0.0,0.0,0.0,128.59510421014502,1209.7732656760377,0.0,0.0,0.0,0.0,0.0,0.0,0.0,0.0,86.49940163947586,848.2890412895254,0.0,0.0,0.0,0.0,0.0,0.0,0.0,0.0,163.33812716303996,1511.992208903224,0.0,0.0,0.0,0.0,0.0,0.0,0.0,0.0,90.8260335270741,1145.6153392829694,0.0,0.0,0.0,0.0,0.0,0.0,0.0,0.0,105.33163549606616,1153.1526598593305,0.0,0.0,0.0,0.0,0.0,0.0,0.0,0.0,85.59840375948129,1137.9088758286907,0.0,0.0,0.0,0.0,0.0,0.0,0.0,0.0,93.8175276756534,1322.6783238187136,0.0002783541584274,5.907101674068623,0.0004528454765131,5.539912067197724,0.0002231780349403,4.811397368208284,0.0006806400726118,6.696022397902088,103.35997556791946,1149.797951252811,0.0,0.0,0.0,0.0,0.0,0.0,0.0,0.0,111.76772131960072,1157.844071662342,0.0,0.0,0.0,0.0,0.0,0.0,0.0,0.0,105.01884216575203,1142.312503115263,0.0,0.0,0.0,0.0,0.0,0.0,0.0,0.0,165.2401255039583,1740.45334448896,0.0,0.0,0.0,0.0,0.0,0.0,0.0,0.0,36.03308181952572,495.32653510306085,0.0,0.0,0.0,0.0,0.0,0.0,0.0,0.0,,,,,,,,,,,,,,,,,,,,,,,,,,,,,,,,,,,,,,,,,,,,,,,,,,,,,,,,,,,,
